timestamp,open,high,low,close,volume
2025-12-09 05:00:00,3107.26,3118.02,3097.04,3107.06,261.55744074
2025-12-09 06:00:00,3108.94,3116.2,3096.74,3113.23,229.42818614
2025-12-09 07:00:00,3113.23,3126.62,3110.41,3122.65,300.87742588
2025-12-09 08:00:00,3122.51,3129.44,3115.67,3121.11,206.23051872
2025-12-09 09:00:00,3121.11,3123.05,3105.01,3106.79,273.66518805
2025-12-09 10:00:00,3106.79,3114.12,3094.28,3107.53,551.6126708
2025-12-09 11:00:00,3107.54,3120.0,3101.3,3119.01,256.65784086
2025-12-09 12:00:00,3119.01,3140.81,3115.65,3137.45,188.44939642
2025-12-09 13:00:00,3137.44,3139.92,3110.34,3116.2,684.70180709
2025-12-09 14:00:00,3117.19,3128.04,3099.31,3117.32,595.69666369
2025-12-09 15:00:00,3117.63,3255.0,3113.63,3242.9,4771.19147366
2025-12-09 16:00:00,3245.44,3377.0,3245.23,3366.62,8417.06777097
2025-12-09 17:00:00,3366.19,3396.98,3355.0,3374.63,8474.03563728
2025-12-09 18:00:00,3374.63,3387.2,3361.25,3376.1,2056.30402397
2025-12-09 19:00:00,3376.1,3377.97,3346.32,3357.11,5465.88096266
2025-12-09 20:00:00,3357.85,3360.51,3305.15,3326.91,3842.24310543
2025-12-09 21:00:00,3326.92,3335.0,3285.11,3303.28,1591.06579089
2025-12-09 22:00:00,3302.16,3341.11,3297.83,3329.86,955.81080852
2025-12-09 23:00:00,3329.86,3335.25,3317.41,3318.37,1241.27826227
2025-12-10 00:00:00,3318.37,3328.59,3306.02,3307.82,597.95483532
2025-12-10 01:00:00,3306.29,3314.85,3289.82,3303.36,1257.45883318
2025-12-10 02:00:00,3302.92,3311.86,3292.97,3310.61,451.53252848
2025-12-10 03:00:00,3311.65,3316.95,3305.99,3310.58,169.82236424
2025-12-10 04:00:00,3310.01,3326.96,3307.22,3323.06,589.00011731
2025-12-10 05:00:00,3323.17,3333.24,3315.93,3323.25,619.96551073
2025-12-10 06:00:00,3323.25,3327.94,3316.44,3325.96,386.1545505
2025-12-10 07:00:00,3324.79,3327.95,3312.7,3327.93,404.61686026
2025-12-10 08:00:00,3327.53,3333.82,3323.49,3323.57,514.16085673
2025-12-10 09:00:00,3322.37,3348.11,3315.26,3348.11,197.6996316
2025-12-10 10:00:00,3347.67,3375.33,3311.37,3312.52,2325.27925529
2025-12-10 11:00:00,3312.51,3321.27,3300.0,3318.56,875.44137118
2025-12-10 12:00:00,3319.12,3326.69,3309.96,3324.81,925.79636923
2025-12-10 13:00:00,3324.82,3338.69,3319.58,3335.04,1149.08525392
2025-12-10 14:00:00,3335.02,3337.9,3304.11,3318.87,1111.13388209
2025-12-10 15:00:00,3318.25,3337.52,3308.0,3328.04,1681.89714146
2025-12-10 16:00:00,3328.04,3369.5,3321.08,3350.72,2338.49858059
2025-12-10 17:00:00,3351.27,3385.78,3347.2,3370.23,2061.31439201
2025-12-10 18:00:00,3370.23,3428.0,3360.01,3382.93,5651.6209436
2025-12-10 19:00:00,3382.93,3434.58,3345.0,3390.19,8265.26134135
2025-12-10 20:00:00,3390.38,3448.32,3347.1,3355.66,6457.70617788
2025-12-10 21:00:00,3355.66,3368.51,3330.36,3342.06,3898.11766573
2025-12-10 22:00:00,3340.76,3355.39,3320.83,3347.26,1934.20988565
2025-12-10 23:00:00,3347.25,3352.52,3321.29,3324.64,527.16292046
2025-12-11 00:00:00,3324.8,3327.67,3260.57,3279.6,2353.9879709
2025-12-11 01:00:00,3279.61,3280.32,3242.15,3254.95,2047.23216925
2025-12-11 02:00:00,3254.51,3256.51,3208.6,3211.5,1731.67154136
2025-12-11 03:00:00,3212.15,3212.15,3168.82,3192.4,1373.45384712
2025-12-11 04:00:00,3192.12,3216.26,3182.11,3215.16,1904.91709266
2025-12-11 05:00:00,3215.39,3215.59,3195.79,3214.48,506.81462302
2025-12-11 06:00:00,3214.74,3215.03,3195.96,3202.74,1349.10728438
2025-12-11 07:00:00,3203.12,3206.04,3196.93,3202.02,322.7032258
2025-12-11 08:00:00,3201.91,3201.91,3179.64,3197.53,1616.79111315
2025-12-11 09:00:00,3197.33,3212.97,3195.32,3199.17,1041.28237227
2025-12-11 10:00:00,3199.63,3202.99,3189.51,3196.84,740.23019387
2025-12-11 11:00:00,3196.85,3202.1,3194.22,3194.97,509.46209928
2025-12-11 12:00:00,3194.22,3207.95,3188.06,3199.39,560.2691264
2025-12-11 13:00:00,3199.44,3203.67,3189.47,3191.59,503.81152838
2025-12-11 14:00:00,3191.7,3196.14,3146.51,3161.54,3061.80584986
2025-12-11 15:00:00,3161.2,3209.95,3155.75,3180.63,3719.5826745
2025-12-11 16:00:00,3179.66,3197.8,3155.98,3175.16,1157.00639702
2025-12-11 17:00:00,3175.16,3205.74,3168.81,3182.65,3916.43426756
2025-12-11 18:00:00,3182.04,3235.0,3180.69,3204.88,4466.84040462
2025-12-11 19:00:00,3204.56,3228.25,3190.93,3194.85,2081.56932049
2025-12-11 20:00:00,3194.85,3226.95,3194.32,3222.07,1582.07762404
2025-12-11 21:00:00,3222.57,3273.06,3216.55,3252.12,2426.55050634
2025-12-11 22:00:00,3250.28,3265.73,3230.55,3241.06,933.08795555
2025-12-11 23:00:00,3239.01,3245.66,3225.01,3236.85,752.722262
2025-12-12 00:00:00,3237.17,3246.44,3187.3,3189.75,1218.03828803
2025-12-12 01:00:00,3189.75,3247.29,3189.75,3236.09,647.41091082
2025-12-12 02:00:00,3234.98,3266.0,3229.08,3259.75,404.53864641
2025-12-12 03:00:00,3259.62,3264.22,3240.09,3246.66,502.45650519
2025-12-12 04:00:00,3246.67,3252.06,3241.64,3247.96,246.25476111
2025-12-12 05:00:00,3247.96,3251.88,3233.63,3248.43,272.36302772
2025-12-12 06:00:00,3248.4,3264.69,3246.4,3254.01,964.34793536
2025-12-12 07:00:00,3255.13,3257.83,3245.84,3246.82,143.39461075
2025-12-12 08:00:00,3247.38,3251.03,3235.53,3244.41,419.35302234
2025-12-12 09:00:00,3245.18,3253.94,3234.54,3251.75,289.54981574
2025-12-12 10:00:00,3251.71,3255.42,3242.1,3245.5,648.75713546
2025-12-12 11:00:00,3245.5,3246.08,3227.59,3242.65,3640.59221923
2025-12-12 12:00:00,3242.65,3249.7,3234.29,3247.91,266.97244491
2025-12-12 13:00:00,3247.91,3251.33,3239.54,3243.04,393.85385421
2025-12-12 14:00:00,3243.04,3247.84,3216.22,3233.06,684.61232685
2025-12-12 15:00:00,3232.15,3232.15,3056.01,3072.14,6643.98312432
2025-12-12 16:00:00,3072.1,3088.56,3046.15,3068.35,3238.66885445
2025-12-12 17:00:00,3068.35,3100.85,3063.41,3066.59,3796.5063615
2025-12-12 18:00:00,3066.59,3098.11,3065.95,3081.01,1621.96728878
2025-12-12 19:00:00,3081.01,3081.82,3063.94,3074.01,740.89611337
2025-12-12 20:00:00,3074.01,3085.89,3068.27,3081.67,505.64440742
2025-12-12 21:00:00,3081.66,3089.98,3077.25,3082.25,418.77379207
2025-12-12 22:00:00,3082.26,3094.68,3081.46,3092.86,3506.34023649
2025-12-12 23:00:00,3092.85,3096.5,3083.5,3085.09,419.54490341
2025-12-13 00:00:00,3085.23,3095.07,3083.0,3086.58,131.48816677
2025-12-13 01:00:00,3086.62,3090.1,3078.83,3083.33,477.65975918
2025-12-13 02:00:00,3083.56,3089.49,3083.55,3085.35,503.17123825
2025-12-13 03:00:00,3084.99,3092.78,3084.56,3089.45,223.34555384
2025-12-13 04:00:00,3089.46,3092.1,3086.25,3089.79,55.45853767
2025-12-13 05:00:00,3089.79,3091.3,3085.39,3089.0,66.69898163
2025-12-13 06:00:00,3089.0,3095.0,3085.89,3094.07,221.69884214
2025-12-13 07:00:00,3094.07,3094.98,3090.81,3094.33,251.37615436
2025-12-13 08:00:00,3095.0,3133.08,3093.57,3116.39,458.17777291
2025-12-13 09:00:00,3116.5,3122.75,3113.67,3118.74,471.15727762
2025-12-13 10:00:00,3118.75,3135.0,3118.74,3127.9,284.27852017
2025-12-13 11:00:00,3127.81,3128.78,3116.67,3120.0,185.46460309
2025-12-13 12:00:00,3120.01,3127.18,3110.39,3114.99,146.6618122
2025-12-13 13:00:00,3115.31,3119.87,3096.18,3110.11,309.66756942
2025-12-13 14:00:00,3110.11,3116.19,3097.78,3111.54,331.99115478
2025-12-13 15:00:00,3111.54,3123.96,3106.41,3110.81,364.77676897
2025-12-13 16:00:00,3110.06,3116.78,3101.91,3106.06,757.56154538
2025-12-13 17:00:00,3106.06,3106.2,3096.63,3101.26,873.32202543
2025-12-13 18:00:00,3101.26,3110.62,3100.01,3101.67,546.58672949
2025-12-13 19:00:00,3101.67,3111.85,3101.37,3109.16,597.93759312
2025-12-13 20:00:00,3109.16,3110.36,3103.31,3104.81,262.24998053
2025-12-13 21:00:00,3104.8,3114.2,3080.12,3112.0,473.70261854
2025-12-13 22:00:00,3111.94,3119.8,3102.99,3114.62,270.27976912
2025-12-13 23:00:00,3114.64,3117.81,3111.17,3115.15,845.03636314
2025-12-14 00:00:00,3115.0,3123.08,3105.26,3119.77,494.19315528
2025-12-14 01:00:00,3119.87,3129.0,3115.65,3120.27,178.09791604
2025-12-14 02:00:00,3120.4,3125.94,3117.24,3122.66,284.7251116
2025-12-14 03:00:00,3123.19,3126.17,3117.71,3119.12,248.66166316
2025-12-14 04:00:00,3119.28,3121.87,3106.79,3111.52,236.05677473
2025-12-14 05:00:00,3111.5,3114.97,3105.7,3112.77,855.3925758
2025-12-14 06:00:00,3112.78,3114.6,3106.42,3110.69,87.9322988
2025-12-14 07:00:00,3110.83,3117.68,3108.82,3115.5,326.12138049
2025-12-14 08:00:00,3115.69,3120.06,3110.14,3111.18,428.70555404
2025-12-14 09:00:00,3111.15,3113.55,3108.33,3109.14,470.60875797
2025-12-14 10:00:00,3109.47,3112.58,3095.27,3107.85,542.32049267
2025-12-14 11:00:00,3107.85,3108.25,3051.43,3085.07,3632.25486952
2025-12-14 12:00:00,3085.26,3107.57,3072.3,3099.69,2039.54162386
2025-12-14 13:00:00,3098.64,3102.0,3078.77,3102.0,1409.72025588
2025-12-14 14:00:00,3102.21,3106.41,3076.33,3086.42,1018.15280076
2025-12-14 15:00:00,3086.42,3087.18,3070.85,3084.12,944.63722852
2025-12-14 16:00:00,3084.82,3107.31,3078.94,3097.76,1159.32975867
2025-12-14 17:00:00,3098.14,3102.76,3075.28,3085.31,1841.04289515
2025-12-14 18:00:00,3085.31,3105.0,3081.88,3102.48,891.61872172
2025-12-14 19:00:00,3102.32,3102.32,3087.16,3094.49,1068.54381988
2025-12-14 20:00:00,3094.5,3097.78,3065.39,3083.64,2307.58328063
2025-12-14 21:00:00,3083.65,3091.48,3078.21,3082.15,151.71205353
2025-12-14 22:00:00,3082.15,3088.54,3055.52,3074.58,666.62798916
2025-12-14 23:00:00,3074.58,3089.78,3026.11,3062.77,1851.40523833
2025-12-15 00:00:00,3063.51,3083.69,3057.27,3074.63,2642.62656738
2025-12-15 01:00:00,3074.63,3119.0,3067.24,3107.76,2096.37436182
2025-12-15 02:00:00,3108.97,3149.99,3107.8,3120.68,2834.39391715
2025-12-15 03:00:00,3120.68,3125.68,3107.5,3108.56,1192.21777225
2025-12-15 04:00:00,3108.56,3125.92,3104.39,3124.01,259.71655555
2025-12-15 05:00:00,3124.01,3124.02,3115.53,3119.73,757.25978112
2025-12-15 06:00:00,3120.35,3144.24,3115.6,3137.6,1110.54159893
2025-12-15 07:00:00,3137.24,3142.0,3122.99,3129.93,1764.4211269
2025-12-15 08:00:00,3129.93,3144.07,3126.65,3140.11,361.65310614
2025-12-15 09:00:00,3140.16,3160.28,3139.48,3153.72,1043.05588727
2025-12-15 10:00:00,3153.43,3175.7,3152.01,3159.21,478.25948322
2025-12-15 11:00:00,3159.21,3162.12,3145.43,3157.15,321.3879495
2025-12-15 12:00:00,3157.16,3158.0,3148.18,3155.48,265.66350237
2025-12-15 13:00:00,3155.49,3156.66,3125.0,3132.41,1203.50999487
2025-12-15 14:00:00,3132.38,3146.6,3033.3,3049.16,3510.28195746
2025-12-15 15:00:00,3049.22,3059.2,2986.03,3011.06,5768.02827438
2025-12-15 16:00:00,3011.41,3016.78,2967.66,2989.31,2295.15182111
2025-12-15 17:00:00,2988.69,2993.68,2933.45,2936.66,2123.62729788
2025-12-15 18:00:00,2936.67,2943.01,2894.06,2938.32,4275.15961256
2025-12-15 19:00:00,2937.98,2964.4,2928.47,2940.02,1504.77517789
2025-12-15 20:00:00,2940.01,2946.46,2916.91,2928.41,1717.5425088
2025-12-15 21:00:00,2929.7,2946.97,2919.24,2945.1,677.6114578
2025-12-15 22:00:00,2945.21,2951.83,2935.78,2951.83,1468.34949037
2025-12-15 23:00:00,2951.04,2968.17,2949.78,2964.51,1331.00791401
2025-12-16 00:00:00,2964.75,2977.69,2940.46,2941.62,995.29442946
2025-12-16 01:00:00,2941.63,2960.9,2935.71,2946.51,833.39484596
2025-12-16 02:00:00,2946.56,2964.87,2938.78,2946.2,1131.5143415
2025-12-16 03:00:00,2945.38,2948.9,2922.27,2936.26,1470.07363266
2025-12-16 04:00:00,2936.47,2938.71,2875.91,2917.93,2023.78329918
2025-12-16 05:00:00,2917.93,2926.45,2912.94,2922.15,390.56818165
2025-12-16 06:00:00,2922.58,2950.22,2922.58,2945.47,606.51600915
2025-12-16 07:00:00,2945.47,2947.35,2917.79,2923.36,398.28086885
2025-12-16 08:00:00,2923.81,2940.0,2920.49,2930.41,338.65742891
2025-12-16 09:00:00,2930.11,2934.42,2923.39,2926.3,264.24132959
2025-12-16 10:00:00,2926.42,2964.06,2921.75,2948.33,637.2059627
2025-12-16 11:00:00,2948.33,2961.87,2937.62,2957.14,573.76986287
2025-12-16 12:00:00,2957.65,2963.15,2947.67,2951.6,893.5069506
2025-12-16 13:00:00,2951.6,2980.81,2909.62,2910.53,1411.52100054
2025-12-16 14:00:00,2911.34,2958.54,2887.04,2939.33,2972.35783478
2025-12-16 15:00:00,2940.2,2974.08,2914.44,2962.44,2230.2826308
2025-12-16 16:00:00,2962.53,2962.83,2924.82,2938.07,4583.1603254
2025-12-16 17:00:00,2938.07,2953.06,2916.32,2918.42,1162.68266394
2025-12-16 18:00:00,2918.42,2966.98,2911.93,2950.79,1326.85894805
2025-12-16 19:00:00,2950.79,2956.72,2920.61,2945.46,1156.36204972
2025-12-16 20:00:00,2945.01,2962.7,2942.84,2948.0,559.24231397
2025-12-16 21:00:00,2947.25,2957.74,2936.76,2950.59,420.63409651
2025-12-16 22:00:00,2950.64,2959.96,2944.02,2953.7,172.09078743
2025-12-16 23:00:00,2954.52,2964.87,2948.42,2961.9,424.25399381
2025-12-17 00:00:00,2961.9,2961.9,2944.34,2948.84,334.8350045
2025-12-17 01:00:00,2949.21,2972.23,2948.95,2952.9,735.94669005
2025-12-17 02:00:00,2953.38,2963.37,2938.41,2959.02,307.06132377
2025-12-17 03:00:00,2959.02,2961.29,2943.58,2946.67,217.79114538
2025-12-17 04:00:00,2946.67,2949.71,2926.37,2931.79,251.26535362
2025-12-17 05:00:00,2931.76,2936.2,2914.4,2929.59,880.1545659
2025-12-17 06:00:00,2929.91,2943.5,2929.62,2935.69,405.00877516
2025-12-17 07:00:00,2935.69,2953.25,2932.24,2946.98,688.44175053
2025-12-17 08:00:00,2946.99,2946.99,2922.45,2924.47,501.13140611
2025-12-17 09:00:00,2925.08,2931.93,2918.24,2922.95,543.0842613
2025-12-17 10:00:00,2922.94,2927.11,2904.44,2919.16,1115.12266536
2025-12-17 11:00:00,2919.16,2933.2,2916.89,2927.0,291.971364
2025-12-17 12:00:00,2927.0,2934.68,2918.59,2924.41,366.05419807
2025-12-17 13:00:00,2924.41,2953.47,2918.21,2943.78,1609.76982354
2025-12-17 14:00:00,2943.83,2995.87,2885.0,2995.15,3059.40980338
2025-12-17 15:00:00,2993.71,3028.78,2893.75,2903.1,9605.41188688
2025-12-17 16:00:00,2903.23,2924.82,2833.28,2863.42,7145.64619245
2025-12-17 17:00:00,2863.33,2877.53,2841.87,2846.51,6607.7457189
2025-12-17 18:00:00,2846.89,2860.65,2805.47,2812.69,3456.74715332
2025-12-17 19:00:00,2812.69,2819.89,2790.66,2819.25,4022.09233126
2025-12-17 20:00:00,2819.11,2832.76,2804.83,2821.72,992.31995666
2025-12-17 21:00:00,2821.65,2829.36,2811.72,2817.71,1024.17551163
2025-12-17 22:00:00,2818.86,2836.01,2812.71,2833.96,854.31418569
2025-12-17 23:00:00,2834.02,2835.5,2817.68,2833.01,791.2682044
2025-12-18 00:00:00,2832.46,2836.55,2826.04,2835.07,679.58655985
2025-12-18 01:00:00,2835.08,2835.08,2821.0,2826.34,812.43548284
2025-12-18 02:00:00,2826.38,2846.39,2822.01,2835.98,1080.2781711
2025-12-18 03:00:00,2835.98,2837.11,2822.0,2830.84,1020.02530652
2025-12-18 04:00:00,2830.78,2840.27,2830.39,2837.01,734.14760682
2025-12-18 05:00:00,2837.01,2837.01,2822.07,2824.44,591.69927238
2025-12-18 06:00:00,2824.44,2831.82,2822.23,2829.59,688.95028816
2025-12-18 07:00:00,2829.59,2837.84,2827.96,2834.82,156.25019057
2025-12-18 08:00:00,2835.15,2850.98,2834.65,2840.56,413.37693918
2025-12-18 09:00:00,2840.65,2855.74,2834.2,2851.07,1532.08192561
2025-12-18 10:00:00,2851.06,2862.29,2848.6,2857.79,495.46113205
2025-12-18 11:00:00,2858.01,2858.55,2849.36,2857.25,434.96890912
2025-12-18 12:00:00,2857.74,2873.13,2853.58,2869.96,940.79721212
2025-12-18 13:00:00,2869.97,2976.99,2869.97,2962.23,9952.60210739
2025-12-18 14:00:00,2962.24,2990.64,2923.35,2947.88,4865.68254241
2025-12-18 15:00:00,2948.68,2993.92,2931.45,2963.7,6859.85416135
2025-12-18 16:00:00,2963.43,2965.42,2927.85,2942.78,2424.70608658
2025-12-18 17:00:00,2942.33,2942.33,2796.26,2844.33,10622.91056633
2025-12-18 18:00:00,2844.3,2865.0,2818.09,2825.49,3402.76748846
2025-12-18 19:00:00,2826.08,2830.5,2775.0,2781.5,2746.28692696
2025-12-18 20:00:00,2780.17,2811.56,2778.27,2780.13,1507.52814744
2025-12-18 21:00:00,2779.7,2829.98,2779.7,2826.7,2956.79978792
2025-12-18 22:00:00,2828.3,2835.27,2815.01,2827.19,1006.4398797
2025-12-18 23:00:00,2827.19,2832.08,2822.21,2826.65,282.50508866
2025-12-19 00:00:00,2827.19,2839.05,2813.13,2828.94,3115.07263281
2025-12-19 01:00:00,2829.3,2831.42,2807.51,2819.54,1620.85222953
2025-12-19 02:00:00,2819.13,2839.06,2811.41,2834.13,1625.18486327
2025-12-19 03:00:00,2834.14,2933.86,2833.42,2905.78,5469.09414717
2025-12-19 04:00:00,2906.37,2930.0,2905.62,2919.34,2269.41338141
2025-12-19 05:00:00,2919.13,2926.56,2908.29,2920.78,650.54359184
2025-12-19 06:00:00,2920.95,2946.9,2914.6,2945.5,644.19669408
2025-12-19 07:00:00,2946.05,2980.44,2944.66,2949.76,1352.5707239
2025-12-19 08:00:00,2949.79,2961.45,2936.76,2950.44,896.92372824
2025-12-19 09:00:00,2949.69,2958.46,2945.16,2953.54,541.32478527
2025-12-19 10:00:00,2953.54,2961.13,2948.0,2952.78,836.7682058
2025-12-19 11:00:00,2953.04,2968.97,2949.55,2963.19,1147.37767183
2025-12-19 12:00:00,2963.74,2964.53,2945.19,2954.33,1112.61721624
2025-12-19 13:00:00,2954.34,2965.48,2953.03,2959.83,1381.78108298
2025-12-19 14:00:00,2960.0,2992.0,2942.76,2975.92,4263.19187945
2025-12-19 15:00:00,2975.92,3016.58,2953.5,2964.25,4350.14736011
2025-12-19 16:00:00,2963.32,3005.64,2959.3,2963.99,1841.28275954
2025-12-19 17:00:00,2963.99,2991.56,2933.58,2937.94,2160.61225276
2025-12-19 18:00:00,2937.94,2975.55,2936.66,2964.35,1387.2970638
2025-12-19 19:00:00,2964.95,2994.0,2964.95,2983.67,837.77822573
2025-12-19 20:00:00,2983.68,3000.0,2976.42,2992.72,823.38519421
2025-12-19 21:00:00,2993.52,2993.66,2973.36,2974.99,1237.03043959
2025-12-19 22:00:00,2975.0,2991.6,2975.0,2986.49,788.07996099
2025-12-19 23:00:00,2986.36,2986.36,2975.99,2977.94,616.07541271
2025-12-20 00:00:00,2977.94,2978.37,2969.42,2973.23,864.54360809
2025-12-20 01:00:00,2973.23,2981.18,2972.09,2975.02,156.91942019
2025-12-20 02:00:00,2975.02,2989.07,2973.58,2980.89,403.8663266
2025-12-20 03:00:00,2980.89,2992.0,2980.88,2987.52,344.29982586
2025-12-20 04:00:00,2987.52,2988.42,2979.72,2982.1,942.19574599
2025-12-20 05:00:00,2982.1,2987.66,2979.21,2979.52,403.86146025
2025-12-20 06:00:00,2979.51,2984.14,2978.74,2979.21,211.35073272
2025-12-20 07:00:00,2979.22,2982.22,2974.05,2980.88,292.52851213
2025-12-20 08:00:00,2980.63,2987.67,2980.63,2981.37,239.62939472
2025-12-20 09:00:00,2981.38,2985.68,2980.91,2982.17,713.28275668
2025-12-20 10:00:00,2982.16,2982.16,2973.37,2977.62,1017.88763779
2025-12-20 11:00:00,2977.62,2987.5,2974.84,2984.73,465.67314121
2025-12-20 12:00:00,2984.73,2991.04,2984.73,2987.65,410.09111604
2025-12-20 13:00:00,2987.66,2989.93,2965.91,2979.21,1045.84373553
2025-12-20 14:00:00,2979.21,2979.21,2968.17,2978.69,157.63970794
2025-12-20 15:00:00,2978.69,2978.69,2967.62,2975.6,276.3252331
2025-12-20 16:00:00,2975.61,2977.71,2972.62,2977.55,303.33994623
2025-12-20 17:00:00,2977.55,2979.99,2973.71,2976.67,390.07612787
2025-12-20 18:00:00,2976.73,2979.11,2973.58,2976.63,415.09399066
2025-12-20 19:00:00,2976.63,2979.0,2973.77,2976.82,173.09275776
2025-12-20 20:00:00,2976.82,2983.48,2976.34,2983.47,248.04268096
2025-12-20 21:00:00,2983.48,2984.02,2978.15,2978.16,349.41356078
2025-12-20 22:00:00,2978.16,2979.1,2973.09,2977.0,103.94383061
2025-12-20 23:00:00,2976.99,2977.85,2971.37,2977.08,189.95938931
2025-12-21 00:00:00,2977.08,2979.74,2974.61,2977.64,160.36375931
2025-12-21 01:00:00,2977.99,2978.43,2961.75,2966.86,557.51269773
2025-12-21 02:00:00,2966.86,2972.71,2961.36,2964.03,1475.78888918
2025-12-21 03:00:00,2964.31,2973.39,2964.11,2971.69,261.9685433
2025-12-21 04:00:00,2971.69,2977.53,2971.43,2974.27,1431.49267543
2025-12-21 05:00:00,2974.27,2977.55,2972.56,2973.16,61.47555085
2025-12-21 06:00:00,2973.16,2976.65,2972.51,2974.12,70.90829578
2025-12-21 07:00:00,2974.12,2980.93,2973.98,2980.09,231.92131762
2025-12-21 08:00:00,2980.1,2997.82,2977.44,2991.16,349.33808405
2025-12-21 09:00:00,2991.15,3011.66,2984.72,3001.39,819.56696752
2025-12-21 10:00:00,3001.75,3006.52,2992.76,2995.21,571.11203464
2025-12-21 11:00:00,2995.21,2998.85,2993.13,2995.61,151.27860496
2025-12-21 12:00:00,2995.62,3003.9,2982.51,2988.96,709.04603074
2025-12-21 13:00:00,2989.47,2990.43,2944.28,2950.46,1677.1924187
2025-12-21 14:00:00,2950.45,2976.96,2947.57,2968.99,1347.57708983
2025-12-21 15:00:00,2968.99,2978.0,2962.24,2974.1,631.67887698
2025-12-21 16:00:00,2974.1,2985.54,2969.54,2985.54,1821.63937861
2025-12-21 17:00:00,2985.08,2986.5,2977.17,2983.03,1541.91043071
2025-12-21 18:00:00,2983.03,2990.0,2967.53,2990.0,4903.33629875
2025-12-21 19:00:00,2987.89,2997.54,2978.54,2990.69,2415.87212693
2025-12-21 20:00:00,2990.71,2994.07,2985.1,2986.33,4462.04735729
2025-12-21 21:00:00,2986.59,2989.0,2970.82,2972.84,220.68784195
2025-12-21 22:00:00,2973.24,2994.84,2971.52,2994.83,402.59102171
2025-12-21 23:00:00,2995.0,3012.11,2991.64,3001.35,1315.56194349
2025-12-22 00:00:00,3001.36,3058.61,3001.36,3022.77,2523.55894409
2025-12-22 01:00:00,3021.7,3046.66,3017.51,3018.0,1513.78927913
2025-12-22 02:00:00,3018.01,3018.72,2970.4,3009.12,1890.75199315
2025-12-22 03:00:00,3009.13,3030.09,3001.85,3020.54,579.36352394
2025-12-22 04:00:00,3020.55,3041.12,3019.31,3039.02,636.66477975
2025-12-22 05:00:00,3038.92,3039.43,3024.56,3027.0,504.93780226
2025-12-22 06:00:00,3026.82,3030.94,3022.57,3024.51,542.1972224
2025-12-22 07:00:00,3024.5,3033.34,3022.97,3029.44,778.98907682
2025-12-22 08:00:00,3028.51,3053.25,3025.16,3026.36,628.72528289
2025-12-22 09:00:00,3026.33,3040.4,3025.25,3039.27,311.2031512
2025-12-22 10:00:00,3039.28,3043.72,3031.46,3040.03,962.45842315
2025-12-22 11:00:00,3040.03,3057.37,3036.46,3048.74,980.58905322
2025-12-22 12:00:00,3048.74,3075.51,3042.7,3058.15,2653.75639387
2025-12-22 13:00:00,3058.16,3063.07,3047.75,3056.42,1637.39449473
2025-12-22 14:00:00,3056.42,3072.0,3026.8,3060.15,1340.24670293
2025-12-22 15:00:00,3060.85,3070.0,3021.07,3050.6,1757.49479284
2025-12-22 16:00:00,3051.23,3057.82,3038.17,3041.69,757.73159153
2025-12-22 17:00:00,3041.69,3041.79,3022.76,3031.35,1345.42880427
2025-12-22 18:00:00,3031.49,3038.58,3007.73,3015.39,1673.92788605
2025-12-22 19:00:00,3014.43,3014.43,2972.86,2980.45,1227.73382186
2025-12-22 20:00:00,2979.01,2984.45,2963.26,2974.87,1275.42516911
2025-12-22 21:00:00,2975.05,2996.32,2974.87,2986.77,467.95925184
2025-12-22 22:00:00,2986.77,3013.49,2981.0,3010.04,595.59821868
2025-12-22 23:00:00,3009.97,3010.09,3000.13,3007.03,1272.90514528
2025-12-23 00:00:00,3007.29,3032.8,3003.56,3025.84,1167.02822651
2025-12-23 01:00:00,3026.1,3029.9,3015.38,3016.28,401.21394227
2025-12-23 02:00:00,3016.28,3021.98,2985.95,2988.41,536.45946746
2025-12-23 03:00:00,2989.26,2996.57,2971.42,2990.86,251.09778167
2025-12-23 04:00:00,2990.27,2997.06,2981.7,2982.98,238.77551926
2025-12-23 05:00:00,2982.51,2982.98,2964.88,2973.74,766.70810121
2025-12-23 06:00:00,2973.06,2976.35,2944.9,2957.89,1289.45268596
2025-12-23 07:00:00,2957.89,2967.13,2953.22,2962.67,550.57827924
2025-12-23 08:00:00,2962.67,2970.99,2958.71,2959.99,517.62883967
2025-12-23 09:00:00,2960.05,2964.01,2950.34,2962.12,547.57955181
2025-12-23 10:00:00,2962.13,2968.97,2962.12,2965.46,117.53728971
2025-12-23 11:00:00,2965.46,2972.88,2962.83,2971.95,366.3354092
2025-12-23 12:00:00,2971.95,2971.95,2953.64,2955.0,379.45333945
2025-12-23 13:00:00,2954.24,2960.48,2929.0,2940.25,1315.1709601
2025-12-23 14:00:00,2940.21,2951.06,2900.35,2915.35,1674.41961874
2025-12-23 15:00:00,2915.8,2931.06,2905.52,2927.0,1640.20200769
2025-12-23 16:00:00,2926.97,2964.57,2922.02,2955.68,2370.39089806
2025-12-23 17:00:00,2955.69,2964.08,2908.97,2910.05,1225.60022557
2025-12-23 18:00:00,2910.05,2950.78,2908.85,2945.78,1196.89280475
2025-12-23 19:00:00,2945.77,2952.08,2929.54,2942.33,742.63498333
2025-12-23 20:00:00,2942.51,2985.14,2939.44,2967.46,1310.27274648
2025-12-23 21:00:00,2967.73,2974.95,2959.19,2972.0,786.98353264
2025-12-23 22:00:00,2972.0,2978.16,2948.77,2959.35,1150.1553101
2025-12-23 23:00:00,2958.32,2970.9,2951.56,2963.44,404.11112711
2025-12-24 00:00:00,2963.44,2971.42,2954.93,2971.41,330.81056629
2025-12-24 01:00:00,2971.42,2976.12,2959.14,2963.22,333.75519858
2025-12-24 02:00:00,2962.57,2963.26,2923.05,2933.68,787.1820664
2025-12-24 03:00:00,2933.68,2945.81,2920.43,2943.82,304.13169342
2025-12-24 04:00:00,2943.82,2956.22,2933.4,2933.4,573.85402807
2025-12-24 05:00:00,2933.69,2939.16,2916.57,2927.33,1381.58016141
2025-12-24 06:00:00,2927.33,2935.42,2922.1,2931.16,748.04588176
2025-12-24 07:00:00,2931.68,2941.0,2930.34,2930.37,343.83933023
2025-12-24 08:00:00,2930.38,2937.28,2920.0,2920.76,266.62304731
2025-12-24 09:00:00,2920.83,2928.65,2913.19,2918.28,728.02220354
2025-12-24 10:00:00,2917.32,2932.37,2916.76,2926.08,122.86147128
2025-12-24 11:00:00,2926.08,2935.08,2923.62,2923.71,196.25314131
2025-12-24 12:00:00,2923.57,2936.76,2922.51,2935.08,220.59424058
2025-12-24 13:00:00,2935.08,2935.16,2923.86,2929.44,1010.61359578
2025-12-24 14:00:00,2929.7,2933.92,2888.0,2913.35,1160.20011221
2025-12-24 15:00:00,2913.01,2927.63,2901.84,2923.66,512.74627631
2025-12-24 16:00:00,2923.66,2946.0,2920.06,2938.51,3026.45947452
2025-12-24 17:00:00,2938.51,2951.44,2931.92,2934.86,630.12917423
2025-12-24 18:00:00,2934.86,2942.49,2928.6,2939.01,374.64309399
2025-12-24 19:00:00,2939.01,2945.11,2935.89,2943.44,604.3922541
2025-12-24 20:00:00,2943.57,2949.61,2940.0,2940.04,407.06014063
2025-12-24 21:00:00,2940.86,2951.01,2940.85,2948.65,751.51927872
2025-12-24 22:00:00,2948.67,2960.0,2947.93,2957.74,496.99348878
2025-12-24 23:00:00,2957.75,2957.75,2944.27,2945.49,114.58614842
2025-12-25 00:00:00,2945.42,2946.47,2935.09,2937.4,233.97225207
2025-12-25 01:00:00,2937.41,2948.73,2937.4,2947.01,363.87325749
2025-12-25 02:00:00,2947.01,2954.43,2941.75,2952.08,229.90325716
2025-12-25 03:00:00,2952.08,2952.08,2942.96,2945.31,233.04225598
2025-12-25 04:00:00,2945.31,2945.35,2941.6,2943.26,62.36708318
2025-12-25 05:00:00,2943.26,2943.26,2937.41,2939.84,205.25925045
2025-12-25 06:00:00,2939.85,2941.1,2936.0,2941.1,57.37362272
2025-12-25 07:00:00,2941.1,2941.42,2937.2,2939.99,122.75879289
2025-12-25 08:00:00,2940.0,2943.3,2916.24,2928.55,1362.30452134
2025-12-25 09:00:00,2928.62,2928.62,2924.66,2926.49,64.8293698
2025-12-25 10:00:00,2926.48,2927.04,2911.16,2918.78,152.38617983
2025-12-25 11:00:00,2918.78,2925.58,2918.77,2923.02,118.37648709
2025-12-25 12:00:00,2923.02,2927.58,2922.91,2926.69,36.64012999
2025-12-25 13:00:00,2926.28,2932.0,2918.94,2928.82,362.65852103
2025-12-25 14:00:00,2928.67,2935.49,2921.6,2931.89,331.10622197
2025-12-25 15:00:00,2931.89,2968.66,2930.36,2958.04,915.864852
2025-12-25 16:00:00,2959.32,2964.4,2942.39,2946.63,169.57601274
2025-12-25 17:00:00,2946.21,2951.55,2941.88,2951.23,123.82512167
2025-12-25 18:00:00,2951.23,2962.85,2949.98,2957.16,644.10001135
2025-12-25 19:00:00,2957.08,2957.16,2947.82,2954.37,162.13447244
2025-12-25 20:00:00,2954.38,2954.46,2942.54,2947.04,82.24086739
2025-12-25 21:00:00,2947.04,2951.04,2943.31,2945.04,96.66482249
2025-12-25 22:00:00,2945.04,2946.11,2905.0,2919.42,828.40787282
2025-12-25 23:00:00,2919.6,2924.88,2890.0,2902.89,1515.12516127
2025-12-26 00:00:00,2902.88,2909.23,2893.78,2901.5,736.2458609
2025-12-26 01:00:00,2901.51,2920.56,2901.25,2916.78,552.03389173
2025-12-26 02:00:00,2916.79,2990.83,2916.79,2970.41,2344.34093132
2025-12-26 03:00:00,2970.98,2972.89,2955.87,2962.61,966.48981544
2025-12-26 04:00:00,2962.61,2971.38,2951.19,2969.13,956.45189023
2025-12-26 05:00:00,2969.31,2971.42,2965.27,2970.25,457.36811569
2025-12-26 06:00:00,2970.25,2978.89,2970.19,2974.21,932.16455002
2025-12-26 07:00:00,2974.22,2989.96,2951.93,2955.13,6385.59050727
2025-12-26 08:00:00,2954.84,2968.3,2953.81,2961.66,171.10737932
2025-12-26 09:00:00,2962.28,2973.06,2961.65,2971.06,130.20839966
2025-12-26 10:00:00,2970.83,2972.19,2965.0,2970.28,1212.41210915
2025-12-26 11:00:00,2970.29,2970.29,2961.64,2962.87,219.40264145
2025-12-26 12:00:00,2962.87,2970.97,2962.87,2970.09,449.56551401
2025-12-26 13:00:00,2970.09,2983.67,2970.08,2982.85,324.29594182
2025-12-26 14:00:00,2982.82,2983.35,2908.23,2916.27,1334.73503177
2025-12-26 15:00:00,2915.32,2926.41,2893.72,2919.95,1223.02823974
2025-12-26 16:00:00,2921.63,2926.61,2905.01,2907.35,416.17316283
2025-12-26 17:00:00,2907.37,2931.23,2906.0,2919.72,1452.32016387
2025-12-26 18:00:00,2919.72,2925.38,2917.79,2920.8,875.90487934
2025-12-26 19:00:00,2920.8,2927.17,2915.96,2923.32,221.23322809
2025-12-26 20:00:00,2923.32,2935.33,2919.62,2928.14,236.34311893
2025-12-26 21:00:00,2929.08,2933.11,2922.2,2922.2,132.89896596
2025-12-26 22:00:00,2922.65,2929.21,2919.15,2929.21,109.30308595
2025-12-26 23:00:00,2929.21,2931.78,2923.81,2925.71,286.96312196
2025-12-27 00:00:00,2925.72,2928.74,2921.81,2924.71,260.62943068
2025-12-27 01:00:00,2925.5,2926.84,2920.72,2925.89,222.95237155
2025-12-27 02:00:00,2925.94,2927.46,2922.3,2926.25,140.10697714
2025-12-27 03:00:00,2926.25,2931.27,2923.2,2931.27,402.89950175
2025-12-27 04:00:00,2931.27,2931.27,2926.04,2928.25,119.66904318
2025-12-27 05:00:00,2928.26,2929.52,2926.44,2928.77,54.83990323
2025-12-27 06:00:00,2928.77,2928.77,2926.13,2927.06,34.41663637
2025-12-27 07:00:00,2927.07,2935.63,2927.07,2930.93,279.79503789
2025-12-27 08:00:00,2930.94,2934.77,2930.93,2932.07,59.06092357
2025-12-27 09:00:00,2932.07,2937.95,2930.22,2933.05,163.84130125
2025-12-27 10:00:00,2933.06,2933.32,2916.41,2924.91,281.72338087
2025-12-27 11:00:00,2925.05,2930.98,2921.4,2929.24,559.20124512
2025-12-27 12:00:00,2929.24,2931.74,2927.5,2930.15,47.72954756
2025-12-27 13:00:00,2930.15,2930.15,2924.36,2928.35,578.40094914
2025-12-27 14:00:00,2928.35,2929.0,2924.58,2927.52,129.53659822
2025-12-27 15:00:00,2927.53,2928.92,2925.0,2925.0,224.00914068
2025-12-27 16:00:00,2925.01,2925.9,2916.37,2918.29,1058.30904393
2025-12-27 17:00:00,2918.29,2927.14,2918.13,2926.4,247.93225947
2025-12-27 18:00:00,2926.4,2926.4,2923.02,2923.38,91.37921863
2025-12-27 19:00:00,2923.38,2928.79,2923.38,2928.79,323.66169526
2025-12-27 20:00:00,2928.79,2931.63,2927.12,2927.14,51.82630866
2025-12-27 21:00:00,2927.14,2933.0,2926.57,2932.99,109.93659194
2025-12-27 22:00:00,2933.0,2950.46,2927.68,2931.55,379.79332677
2025-12-27 23:00:00,2931.55,2958.0,2931.11,2947.1,920.54596459
2025-12-28 00:00:00,2946.85,2948.78,2941.41,2943.36,342.49148963
2025-12-28 01:00:00,2943.51,2947.23,2939.26,2942.17,108.79078422
2025-12-28 02:00:00,2942.18,2947.78,2941.1,2945.2,151.08964978
2025-12-28 03:00:00,2945.04,2945.5,2939.58,2941.87,156.81447314
2025-12-28 04:00:00,2941.49,2944.55,2936.66,2937.25,167.87514423
2025-12-28 05:00:00,2937.25,2938.27,2928.55,2932.9,398.12116535
2025-12-28 06:00:00,2932.91,2940.97,2932.9,2940.74,428.57203002
2025-12-28 07:00:00,2940.74,2940.74,2934.45,2935.85,204.42036827
2025-12-28 08:00:00,2935.85,2943.84,2935.85,2937.6,364.83255784
2025-12-28 09:00:00,2937.6,2941.43,2930.0,2935.09,250.42074768
2025-12-28 10:00:00,2935.1,2941.88,2935.07,2941.11,304.69047492
2025-12-28 11:00:00,2941.01,2944.52,2937.47,2941.35,365.20058002
2025-12-28 12:00:00,2941.36,2941.81,2936.0,2936.01,124.9445422
2025-12-28 13:00:00,2936.01,2941.0,2936.01,2937.96,353.45478285
2025-12-28 14:00:00,2937.63,2951.45,2937.59,2944.35,841.13896968
2025-12-28 15:00:00,2944.35,2957.25,2944.34,2947.33,169.01032457
2025-12-28 16:00:00,2947.44,2952.18,2939.87,2940.49,170.65273894
2025-12-28 17:00:00,2940.49,2948.41,2940.48,2943.29,147.55653692
2025-12-28 18:00:00,2943.29,2944.09,2923.7,2929.53,1799.58119765
2025-12-28 19:00:00,2929.54,2937.66,2925.0,2931.21,612.18429782
2025-12-28 20:00:00,2931.08,2935.0,2927.78,2929.83,300.86711135
2025-12-28 21:00:00,2929.84,2936.42,2926.66,2935.04,260.49969387
2025-12-28 22:00:00,2935.04,2952.38,2934.09,2948.09,582.84839873
2025-12-28 23:00:00,2948.19,2951.86,2939.0,2948.59,190.15962507
2025-12-29 00:00:00,2948.91,2973.65,2942.7,2964.09,2351.5013226
2025-12-29 01:00:00,2964.09,2983.35,2950.96,2978.42,842.09921344
2025-12-29 02:00:00,2978.2,3014.0,2978.2,3000.78,3838.64147504
2025-12-29 03:00:00,3000.97,3043.89,3000.97,3040.54,3515.95231304
2025-12-29 04:00:00,3040.54,3053.42,3036.44,3036.71,1620.58551743
2025-12-29 05:00:00,3036.82,3041.2,3029.23,3034.39,571.73234239
2025-12-29 06:00:00,3034.39,3041.08,3029.19,3032.54,536.80496166
2025-12-29 07:00:00,3032.75,3035.21,3003.59,3016.5,1973.62717561
2025-12-29 08:00:00,3016.51,3021.87,3009.4,3010.79,485.89943732
2025-12-29 09:00:00,3010.55,3012.11,2953.81,2972.39,2014.90859174
2025-12-29 10:00:00,2972.89,2979.5,2959.36,2962.22,222.93274999
2025-12-29 11:00:00,2962.8,2963.69,2954.95,2956.69,363.08164605
2025-12-29 12:00:00,2956.69,2956.69,2907.38,2927.14,2736.98678719
2025-12-29 13:00:00,2927.33,2933.99,2916.24,2923.63,752.36616537
2025-12-29 14:00:00,2923.95,2961.49,2913.98,2925.23,2628.8716466
2025-12-29 15:00:00,2925.13,2945.47,2916.0,2932.76,1257.87883919
2025-12-29 16:00:00,2932.76,2938.93,2922.97,2933.05,231.88739559
2025-12-29 17:00:00,2933.16,2940.0,2924.24,2940.0,819.62454643
2025-12-29 18:00:00,2940.0,2942.37,2910.48,2915.32,1838.51169908
2025-12-29 19:00:00,2915.98,2937.78,2915.01,2928.98,6931.3861169
2025-12-29 20:00:00,2929.14,2938.37,2922.53,2926.41,1233.62351222
2025-12-29 21:00:00,2926.41,2935.64,2925.62,2934.19,222.17685164
2025-12-29 22:00:00,2934.01,2940.59,2927.34,2935.13,217.94271869
2025-12-29 23:00:00,2935.12,2940.8,2929.25,2934.84,443.93736747
2025-12-30 00:00:00,2934.31,2937.48,2929.17,2933.73,662.1938898
2025-12-30 01:00:00,2934.47,2935.4,2922.94,2933.54,316.96997142
2025-12-30 02:00:00,2933.54,2935.7,2921.16,2924.38,312.91448499
2025-12-30 03:00:00,2924.38,2951.79,2915.54,2946.99,984.19697173
2025-12-30 04:00:00,2947.0,2953.93,2942.17,2942.75,371.04257344
2025-12-30 05:00:00,2942.75,2943.95,2933.72,2937.83,84.2415879
2025-12-30 06:00:00,2937.51,2946.92,2936.99,2941.94,119.5621768
2025-12-30 07:00:00,2941.94,2950.82,2941.93,2947.49,110.76335421
2025-12-30 08:00:00,2947.49,2999.07,2946.9,2973.73,6794.8585962
2025-12-30 09:00:00,2973.93,2983.67,2967.96,2981.52,418.34215942
2025-12-30 10:00:00,2981.53,2983.89,2970.06,2972.84,213.66672106
2025-12-30 11:00:00,2973.35,2980.27,2970.28,2974.55,190.16765939
2025-12-30 12:00:00,2974.55,2981.97,2973.0,2976.65,214.6867735
2025-12-30 13:00:00,2976.67,2988.03,2974.99,2982.44,233.39687416
2025-12-30 14:00:00,2982.63,3004.08,2955.5,2992.67,1574.83941472
2025-12-30 15:00:00,2992.47,2997.79,2966.13,2986.22,7877.06704229
2025-12-30 16:00:00,2986.67,2990.0,2971.59,2979.38,7135.29488607
2025-12-30 17:00:00,2979.38,2982.99,2962.96,2973.92,468.56603253
2025-12-30 18:00:00,2973.92,2975.84,2957.68,2969.02,714.30702741
2025-12-30 19:00:00,2968.89,2971.42,2941.96,2968.51,1059.18866136
2025-12-30 20:00:00,2968.51,2969.82,2953.17,2955.33,592.90130731
2025-12-30 21:00:00,2955.32,2966.0,2951.99,2964.12,1449.4885619
2025-12-30 22:00:00,2965.0,2968.0,2962.22,2966.21,406.57267658
2025-12-30 23:00:00,2966.21,2971.59,2964.69,2970.49,743.01641415
2025-12-31 00:00:00,2970.31,2970.31,2960.15,2962.44,176.22802405
2025-12-31 01:00:00,2962.44,2980.75,2958.7,2976.59,411.46912517
2025-12-31 02:00:00,2976.44,2979.78,2970.95,2977.63,85.27710359
2025-12-31 03:00:00,2977.65,2979.27,2962.84,2966.87,523.70614127
2025-12-31 04:00:00,2967.01,2971.2,2964.69,2964.7,202.23956651
2025-12-31 05:00:00,2964.7,2975.35,2964.7,2971.39,404.74210113
2025-12-31 06:00:00,2971.39,2974.21,2971.17,2971.5,56.48832863
2025-12-31 07:00:00,2971.49,2972.63,2967.07,2972.44,190.25212125
2025-12-31 08:00:00,2972.44,2975.61,2960.11,2965.0,372.46421557
2025-12-31 09:00:00,2965.01,2973.26,2965.01,2972.99,134.56836553
2025-12-31 10:00:00,2972.72,2978.19,2971.53,2976.96,447.86360939
2025-12-31 11:00:00,2977.01,2999.0,2976.29,2999.0,2061.39329403
2025-12-31 12:00:00,2998.14,2998.14,2980.55,2984.21,775.40006113
2025-12-31 13:00:00,2984.21,2996.19,2982.88,2993.62,720.95442331
2025-12-31 14:00:00,2993.61,3023.0,2977.82,2989.78,1245.69843992
2025-12-31 15:00:00,2989.78,2989.78,2963.64,2980.48,1504.91604706
2025-12-31 16:00:00,2980.74,2992.72,2955.79,2972.45,1870.23779449
2025-12-31 17:00:00,2972.45,2975.87,2963.8,2971.71,1307.1236141
2025-12-31 18:00:00,2971.71,2981.12,2967.23,2969.83,548.78442283
2025-12-31 19:00:00,2969.98,2976.73,2965.74,2966.66,726.29431827
2025-12-31 20:00:00,2966.6,2976.11,2958.98,2971.7,2294.32883655
2025-12-31 21:00:00,2970.84,2979.2,2970.21,2977.52,330.69034817
2025-12-31 22:00:00,2977.52,2979.11,2970.13,2971.7,163.93382697
2025-12-31 23:00:00,2971.7,2971.96,2965.92,2967.13,323.62037585
2026-01-01 00:00:00,2967.13,2977.92,2967.13,2975.35,435.55923323
2026-01-01 01:00:00,2975.25,2983.96,2974.58,2979.46,532.96255724
2026-01-01 02:00:00,2979.46,2982.18,2976.22,2977.84,93.29899787
2026-01-01 03:00:00,2977.85,2980.2,2974.64,2974.64,276.64980526
2026-01-01 04:00:00,2974.65,2975.79,2967.9,2970.68,211.87891138
2026-01-01 05:00:00,2970.47,2978.49,2970.47,2977.25,427.92755371
2026-01-01 06:00:00,2977.25,2977.25,2971.11,2971.38,63.65969191
2026-01-01 07:00:00,2971.35,2976.03,2971.34,2972.85,116.00758713
2026-01-01 08:00:00,2972.85,2977.87,2972.84,2977.41,54.04370195
2026-01-01 09:00:00,2977.41,2982.46,2977.4,2979.13,185.47871849
2026-01-01 10:00:00,2979.13,2980.85,2977.18,2980.02,52.44765199
2026-01-01 11:00:00,2980.08,2987.54,2980.07,2984.9,163.23568367
2026-01-01 12:00:00,2984.62,2984.94,2979.13,2982.64,132.73719812
2026-01-01 13:00:00,2982.81,2984.47,2978.31,2978.31,216.46423119
2026-01-01 14:00:00,2978.31,2982.48,2973.74,2981.23,224.97337186
2026-01-01 15:00:00,2981.23,2990.26,2977.2,2985.62,196.47996647
2026-01-01 16:00:00,2985.62,2986.01,2976.43,2978.22,385.15076347
2026-01-01 17:00:00,2978.28,3000.69,2977.3,2986.22,1486.2627714
2026-01-01 18:00:00,2986.22,2987.74,2981.08,2985.58,324.93073765
2026-01-01 19:00:00,2985.58,2992.92,2982.99,2990.09,229.60867143
2026-01-01 20:00:00,2990.09,2992.46,2983.97,2985.2,1633.9031735
2026-01-01 21:00:00,2985.2,2988.76,2983.74,2985.53,90.16799883
2026-01-01 22:00:00,2985.54,2995.71,2983.8,2994.09,645.52435421
2026-01-01 23:00:00,2994.98,3006.0,2988.44,2999.8,1072.80281412
2026-01-02 00:00:00,3000.22,3004.36,2992.62,3001.4,514.14461252
2026-01-02 01:00:00,3001.4,3004.2,2994.0,2999.0,472.2617216
2026-01-02 02:00:00,2999.0,2999.0,2989.3,2996.82,314.04398959
2026-01-02 03:00:00,2996.82,3030.07,2996.35,3018.91,1041.75070387
2026-01-02 04:00:00,3018.7,3020.62,3006.92,3007.85,584.10269936
2026-01-02 05:00:00,3007.89,3014.06,3004.81,3012.71,128.20708656
2026-01-02 06:00:00,3012.72,3033.0,3010.71,3022.78,2627.15419351
2026-01-02 07:00:00,3022.7,3027.57,3013.8,3014.57,367.26218876
2026-01-02 08:00:00,3014.12,3029.73,3012.37,3028.25,852.55822018
2026-01-02 09:00:00,3028.2,3050.0,3027.21,3043.72,2110.04791474
2026-01-02 10:00:00,3044.19,3064.86,3042.6,3053.69,1195.30934291
2026-01-02 11:00:00,3053.69,3053.69,3037.06,3044.45,1100.76863904
2026-01-02 12:00:00,3044.45,3053.49,3039.91,3045.38,352.38674233
2026-01-02 13:00:00,3045.38,3054.72,3043.49,3047.28,1305.37838435
2026-01-02 14:00:00,3047.08,3106.13,3018.5,3080.02,5665.14974213
2026-01-02 15:00:00,3081.65,3094.78,3053.42,3084.08,2408.44632626
2026-01-02 16:00:00,3084.09,3144.28,3077.58,3130.32,3605.7421185
2026-01-02 17:00:00,3130.35,3147.65,3109.5,3120.0,1878.59956514
2026-01-02 18:00:00,3121.21,3130.39,3095.27,3109.06,1536.40158942
2026-01-02 19:00:00,3108.61,3126.43,3106.41,3121.85,553.56365991
2026-01-02 20:00:00,3122.35,3127.97,3109.71,3116.52,2909.24348625
2026-01-02 21:00:00,3116.4,3130.72,3115.02,3129.04,819.69260712
2026-01-02 22:00:00,3129.05,3143.16,3126.39,3132.0,759.19279596
2026-01-02 23:00:00,3131.08,3133.65,3118.67,3124.04,352.40525316
2026-01-03 00:00:00,3124.04,3135.3,3121.1,3129.62,2399.10186765
2026-01-03 01:00:00,3129.67,3130.67,3122.33,3129.67,1062.37387856
2026-01-03 02:00:00,3129.67,3129.67,3119.46,3124.91,835.74319231
2026-01-03 03:00:00,3124.91,3126.2,3118.07,3124.33,902.43009809
2026-01-03 04:00:00,3124.19,3126.2,3114.18,3115.37,405.0621617
2026-01-03 05:00:00,3115.37,3116.99,3103.66,3110.75,824.00358089
2026-01-03 06:00:00,3110.7,3115.98,3097.24,3097.29,349.02818508
2026-01-03 07:00:00,3097.25,3103.58,3075.13,3088.4,1076.73093679
2026-01-03 08:00:00,3089.06,3103.54,3083.45,3094.52,342.18683913
2026-01-03 09:00:00,3094.52,3108.94,3091.3,3099.49,790.12001963
2026-01-03 10:00:00,3099.58,3104.04,3095.64,3096.04,347.75516592
2026-01-03 11:00:00,3096.2,3098.29,3090.96,3097.6,134.62290739
2026-01-03 12:00:00,3096.77,3103.84,3092.0,3102.32,426.25089612
2026-01-03 13:00:00,3103.17,3105.29,3099.0,3101.18,561.05868889
2026-01-03 14:00:00,3101.19,3113.31,3099.46,3103.35,370.27889541
2026-01-03 15:00:00,3103.35,3105.51,3099.0,3099.0,725.81166298
2026-01-03 16:00:00,3099.01,3110.18,3096.44,3105.19,400.10546732
2026-01-03 17:00:00,3105.19,3107.51,3103.77,3106.0,126.20724153
2026-01-03 18:00:00,3106.0,3116.23,3103.19,3114.46,204.4365955
2026-01-03 19:00:00,3114.46,3114.46,3108.02,3110.53,1701.88237662
2026-01-03 20:00:00,3110.54,3114.88,3106.0,3113.2,570.3907272
2026-01-03 21:00:00,3113.58,3127.29,3111.22,3119.11,439.26447294
2026-01-03 22:00:00,3119.23,3123.9,3112.24,3121.69,376.01376225
2026-01-03 23:00:00,3121.68,3128.52,3119.08,3125.5,266.88804083
2026-01-04 00:00:00,3125.5,3164.79,3125.23,3156.02,2281.21485525
2026-01-04 01:00:00,3156.02,3160.27,3140.88,3149.19,888.03680661
2026-01-04 02:00:00,3148.61,3149.84,3136.87,3139.54,389.99981428
2026-01-04 03:00:00,3139.8,3149.0,3138.53,3146.36,224.28228858
2026-01-04 04:00:00,3146.23,3154.17,3143.38,3146.74,266.81869187
2026-01-04 05:00:00,3146.74,3150.63,3143.85,3149.49,261.57016458
2026-01-04 06:00:00,3149.5,3160.0,3139.89,3139.89,808.20012305
2026-01-04 07:00:00,3139.15,3143.77,3132.64,3139.54,178.72097556
2026-01-04 08:00:00,3139.84,3139.84,3124.19,3136.99,481.53404881
2026-01-04 09:00:00,3137.0,3146.13,3133.56,3142.34,362.45253396
2026-01-04 10:00:00,3142.29,3146.07,3141.34,3144.46,214.16396136
2026-01-04 11:00:00,3144.81,3144.81,3134.02,3137.11,121.17947639
2026-01-04 12:00:00,3137.77,3144.94,3132.97,3135.3,86.44731178
2026-01-04 13:00:00,3135.3,3139.17,3130.64,3139.09,144.27599374
2026-01-04 14:00:00,3138.95,3141.37,3130.52,3135.7,67.89734499
2026-01-04 15:00:00,3135.7,3137.63,3116.41,3133.94,2089.98524723
2026-01-04 16:00:00,3133.94,3137.91,3130.76,3137.79,846.35576463
2026-01-04 17:00:00,3137.8,3141.38,3134.2,3136.09,308.13897484
2026-01-04 18:00:00,3136.09,3136.09,3121.69,3133.49,159.34899997
2026-01-04 19:00:00,3133.5,3133.5,3118.26,3131.12,114.200956
2026-01-04 20:00:00,3131.13,3141.04,3129.8,3139.88,165.11182131
2026-01-04 21:00:00,3140.09,3154.02,3136.69,3144.21,843.01053158
2026-01-04 22:00:00,3144.21,3148.0,3134.63,3137.93,196.40109901
2026-01-04 23:00:00,3138.46,3152.71,3134.0,3143.42,253.06386933
2026-01-05 00:00:00,3143.18,3173.36,3143.1,3166.25,1727.99680596
2026-01-05 01:00:00,3166.79,3218.0,3163.25,3195.98,1687.86198231
2026-01-05 02:00:00,3196.13,3202.91,3181.72,3191.23,778.56961738
2026-01-05 03:00:00,3191.48,3195.0,3183.64,3184.2,222.19456337
2026-01-05 04:00:00,3184.2,3186.65,3156.0,3165.38,675.90861239
2026-01-05 05:00:00,3165.38,3167.55,3146.71,3147.78,365.7877658
2026-01-05 06:00:00,3148.13,3156.77,3133.98,3155.73,542.26641663
2026-01-05 07:00:00,3155.74,3161.06,3153.29,3156.01,242.19694542
2026-01-05 08:00:00,3156.01,3170.0,3156.0,3162.26,736.91831749
2026-01-05 09:00:00,3162.27,3172.62,3151.36,3165.68,1684.01349356
2026-01-05 10:00:00,3166.36,3176.61,3161.12,3170.84,519.11328392
2026-01-05 11:00:00,3170.84,3181.48,3166.76,3178.81,197.01020777
2026-01-05 12:00:00,3178.81,3180.84,3164.9,3168.65,133.39979216
2026-01-05 13:00:00,3168.8,3172.82,3142.02,3152.37,1041.50733563
2026-01-05 14:00:00,3152.37,3176.49,3134.18,3164.66,5069.43308604
2026-01-05 15:00:00,3165.67,3202.93,3151.31,3194.99,1777.34910337
2026-01-05 16:00:00,3194.44,3200.32,3171.07,3183.06,813.45936674
2026-01-05 17:00:00,3183.06,3228.58,3159.91,3212.46,2202.29801654
2026-01-05 18:00:00,3212.47,3227.8,3186.15,3227.5,1340.8018123
2026-01-05 19:00:00,3227.67,3227.67,3215.2,3222.55,763.93776502
2026-01-05 20:00:00,3222.56,3264.6,3220.13,3241.13,2496.65710112
2026-01-05 21:00:00,3241.34,3248.03,3231.21,3238.07,672.12966134
2026-01-05 22:00:00,3238.07,3249.71,3232.05,3239.64,4605.54605875
2026-01-05 23:00:00,3240.21,3240.21,3223.89,3224.67,1348.14043687
2026-01-06 00:00:00,3224.83,3230.05,3203.16,3215.99,1945.45990798
2026-01-06 01:00:00,3215.94,3246.31,3215.92,3217.88,809.78320997
2026-01-06 02:00:00,3217.88,3224.03,3208.77,3216.76,194.905348
2026-01-06 03:00:00,3216.76,3232.09,3213.96,3224.25,253.34568467
2026-01-06 04:00:00,3224.56,3232.93,3222.45,3222.45,260.69644779
2026-01-06 05:00:00,3222.45,3228.09,3216.45,3217.9,212.04094072
2026-01-06 06:00:00,3217.9,3252.25,3217.03,3240.01,949.18278108
2026-01-06 07:00:00,3240.23,3241.38,3210.91,3217.84,763.92804869
2026-01-06 08:00:00,3217.84,3226.58,3213.01,3218.78,387.46385076
2026-01-06 09:00:00,3218.61,3227.85,3216.61,3221.75,160.81495333
2026-01-06 10:00:00,3221.75,3230.0,3219.95,3227.66,216.77183235
2026-01-06 11:00:00,3227.79,3240.99,3226.23,3236.94,308.41937603
2026-01-06 12:00:00,3236.75,3243.0,3235.01,3238.15,158.95201152
2026-01-06 13:00:00,3238.16,3238.16,3228.15,3238.01,824.97535927
2026-01-06 14:00:00,3238.01,3308.21,3238.01,3276.65,6877.60192088
2026-01-06 15:00:00,3276.84,3300.02,3260.37,3270.85,2409.13655563
2026-01-06 16:00:00,3271.12,3278.23,3233.01,3250.48,2068.58373481
2026-01-06 17:00:00,3250.28,3257.83,3188.76,3193.82,2609.18187332
2026-01-06 18:00:00,3194.32,3230.99,3181.17,3217.76,1104.32569445
2026-01-06 19:00:00,3217.49,3227.81,3211.6,3222.11,332.1325342
2026-01-06 20:00:00,3221.65,3247.96,3221.65,3240.76,1016.66681942
2026-01-06 21:00:00,3240.66,3299.18,3237.49,3274.24,1539.0399975
2026-01-06 22:00:00,3274.42,3287.8,3265.0,3274.67,684.48327592
2026-01-06 23:00:00,3275.95,3299.08,3275.17,3295.29,472.64102055
2026-01-07 00:00:00,3295.36,3295.36,3254.39,3257.24,704.04039809
2026-01-07 01:00:00,3256.09,3269.3,3238.36,3244.06,807.12976842
2026-01-07 02:00:00,3243.21,3271.88,3238.27,3268.17,195.16611921
2026-01-07 03:00:00,3268.0,3278.93,3263.23,3264.27,264.85004089
2026-01-07 04:00:00,3264.75,3268.71,3252.21,3255.26,102.91104104
2026-01-07 05:00:00,3254.8,3259.46,3245.38,3246.09,167.23875385
2026-01-07 06:00:00,3246.09,3257.6,3245.87,3249.42,288.65302887
2026-01-07 07:00:00,3248.94,3259.85,3248.94,3252.64,108.56607511
2026-01-07 08:00:00,3252.65,3260.66,3251.09,3252.51,176.34703638
2026-01-07 09:00:00,3251.85,3252.18,3197.01,3198.68,1058.72622197
2026-01-07 10:00:00,3197.01,3219.18,3193.42,3216.25,351.70157576
2026-01-07 11:00:00,3216.17,3225.06,3214.04,3218.58,307.18994177
2026-01-07 12:00:00,3218.23,3219.83,3208.88,3211.07,413.24350449
2026-01-07 13:00:00,3211.07,3225.88,3200.41,3209.02,258.8219503
2026-01-07 14:00:00,3209.03,3209.03,3163.03,3189.13,1919.14709947
2026-01-07 15:00:00,3189.5,3189.5,3142.58,3161.81,2971.99708426
2026-01-07 16:00:00,3161.92,3175.79,3147.55,3153.32,1117.07365948
2026-01-07 17:00:00,3153.33,3167.81,3143.23,3149.95,804.79742204
2026-01-07 18:00:00,3149.02,3161.31,3131.33,3144.0,1855.4055706
2026-01-07 19:00:00,3143.17,3152.08,3123.0,3142.29,1934.96127543
2026-01-07 20:00:00,3142.11,3147.74,3125.45,3136.06,435.70933094
2026-01-07 21:00:00,3135.29,3149.23,3135.29,3147.08,336.95845247
2026-01-07 22:00:00,3147.0,3161.58,3140.98,3150.08,526.81467936
2026-01-07 23:00:00,3150.07,3177.39,3141.3,3166.37,1980.60811779
2026-01-08 00:00:00,3166.38,3172.55,3152.82,3167.57,1176.05077651
2026-01-08 01:00:00,3167.37,3176.85,3165.94,3172.68,490.39625683
2026-01-08 02:00:00,3172.68,3180.0,3145.47,3156.19,811.38304692
2026-01-08 03:00:00,3156.19,3162.89,3130.26,3139.15,1306.50482531
2026-01-08 04:00:00,3139.15,3154.59,3135.73,3150.93,481.88824985
2026-01-08 05:00:00,3150.74,3157.17,3149.64,3152.71,60.58044388
